"Heading-sc-1w8ymiq-0","sc-5ee3e300-1","Linkstyles__LinkAsButton-sc-1h68u9x-1 href","sc-5ee3e300-3","sc-50bba857-10","sc-50bba857-7","sc-50bba857-7 href","sc-50bba857-6","sc-50bba857-6 2","sc-50bba857-6 3","sc-50bba857-6 4","Heading-sc-1w8ymiq-0 2","sc-50bba857-3","Heading-sc-1w8ymiq-0 3","sc-50bba857-3 2","Heading-sc-1w8ymiq-0 4","sc-18832e28-0 href","sc-18832e28-1","sc-18832e28-0 href 2","sc-18832e28-1 2","sc-18832e28-0 href 3","sc-18832e28-1 3","sc-18832e28-0 href 4","sc-18832e28-1 4","sc-18832e28-0 href 5","sc-18832e28-1 5"
"À propos de laredoute.fr","","","","","","","","","","","","","","","","","","","","","","","","",""
"","La Redoute vous permet d’accéder à l’art de vivre à la française au meilleur prix. Nous vous faisons gagner du temps en vous proposant les dernières tendances, des marques de qualité et les meilleurs modèles. Avec de nouvelles collections chaque semaine, il y a toujours quelque chose de nouveau à découvrir. 

Grâce à notre programme de fidélité, La Redoute +, profitez d’avantages sur la livraison, les retours gratuits, ainsi que de remises et promotions supplémentaires.

La Redoute vous donne accès aux dernières tendances de la mode, du sport et vous permet d'acheter des vêtements, des chaussures, des bijoux et d'autres accessoires. Faites vos achats parmi des centaines de marques, dont Maje, Levis, Adidas, Nike et La Redoute Collections.

Vous trouverez une large gamme de produits pour la maison et la famille avec nos marques La Redoute Intérieurs & AMPM. Découvrez les derniers meubles design, ainsi que de la literie et du linge de maison élégants, des luminaires à la mode et bien plus encore. De plus, vous pouvez équiper votre maison des appareils derniers cris. 

La Redoute se veut l'interlocuteur idéal des familles : trouvez l’inspiration et découvrez nos conseils avec les guides pour choisir vos produits !

Pour améliorer nos services, nous souhaiterions connaître votre avis. Vos commentaires sont importants pour nos clients. 88% des consommateurs lisent ces avis. Grâce à vos commentaires, nos équipes améliorent nos collections et notre relation-client.","","","","","","","","","","","","","","","","","","","","","","","",""
"","","https://www.laredoute.fr/","Vers le site","","","","","","","","","","","","","","","","","","","","","",""
"Contact","","","","LA REDOUTE SAS","avisclient@redoute.fr","https://www.trustedshops.fr/evaluation/info_XA3F5BBDE34B5AD3FB64015EB823AC7C6.html?page=28#","110, rue de Blanchemaille","59100","Roubaix","France","N° au registre du commerce","RCS Lille Métropole B 477 180 186","Représentant légal","Philippe BERLAN","Catégories","https://www.trustedshops.fr/shops/bagages_sacs_maroquinerie/","Bagages, sacs & maroquinerie","https://www.trustedshops.fr/shops/chaussures/","Chaussures","https://www.trustedshops.fr/shops/habillement/","Habillement","https://www.trustedshops.fr/shops/jouets_bebes_enfants/","Jouets, bébés & enfants","https://www.trustedshops.fr/shops/meubles_decoration/","Meubles & décoration"
"Contact","","","","LA REDOUTE SAS","avisclient@redoute.fr","https://www.trustedshops.fr/evaluation/info_XA3F5BBDE34B5AD3FB64015EB823AC7C6.html?page=29#","110, rue de Blanchemaille","59100","Roubaix","France","N° au registre du commerce","RCS Lille Métropole B 477 180 186","Représentant légal","Philippe BERLAN","Catégories","https://www.trustedshops.fr/shops/bagages_sacs_maroquinerie/","Bagages, sacs & maroquinerie","https://www.trustedshops.fr/shops/chaussures/","Chaussures","https://www.trustedshops.fr/shops/habillement/","Habillement","https://www.trustedshops.fr/shops/jouets_bebes_enfants/","Jouets, bébés & enfants","https://www.trustedshops.fr/shops/meubles_decoration/","Meubles & décoration"